language	task	first_entropy	last_entropy	majority_baseline	sentence_char_len	sentence_char_per_subword	sentence_fertility	sentence_subword_len	sentence_word_len	target_char_len	target_char_per_subword	target_fertility	target_subw_entropy
Afrikaans	number_noun	8.491142324497412	7.551914735816899	50.0	127.41375	3.001271446345342	1.7311149718682308	42.5525	24.79375	10.723333333333333	3.508750543438048	3.307916666666667	8.491142324497412
Albanian	case_noun	9.108299150305243	6.813661092427127	22.0	92.29166666666667	2.543321033063647	1.8166782615185142	36.39666666666667	20.16583333333333	8.132916666666667	2.9280649801587306	2.995	9.108299150305243
Albanian	case_propn	9.018895743852497	7.562038914815403	42.0	87.71720116618076	2.519262788612825	1.7674745435313306	34.98375676801333	19.923781757601	7.248646397334444	2.9598570040260985	2.7280299875052063	9.018895743852497
Albanian	definite_noun	9.187097541799135	7.646797553279263	50.0	88.82708333333333	2.526005963518541	1.7992357389284215	35.330416666666665	19.77125	7.525833333333333	2.8999756944444433	2.8245833333333334	9.187097541799135
Albanian	gender_noun	9.181068153591394	7.328333840864453	50.0	90.0	2.5201042227492327	1.8070077833843556	35.8325	19.962083333333332	7.709583333333334	2.870522817460316	2.90375	9.181068153591394
Albanian	gender_propn	9.051769302869044	7.689963024763763	59.5	87.15791666666667	2.5232204595622383	1.761289334557514	34.72291666666667	19.8475	7.144583333333333	2.9705243055555526	2.69125	9.051769302869044
Albanian	number_noun	9.183916790094464	7.096887885103137	50.0	90.92666666666666	2.5353371398221953	1.822124981595693	35.99125	19.909166666666668	7.925	2.9161254960317393	2.9366666666666665	9.183916790094464
Albanian	number_verb	7.214398632189752	6.602902504791426	50.0	37.85583333333334	2.1969202678416533	1.825481643042231	16.139166666666668	9.042916666666667	8.3525	2.4671478174603174	3.4966666666666666	7.214398632189752
Arabic	aspect_verb	4.503482278412857	7.155849227060505	50.0	103.96208333333334	2.2036731589543015	2.0414217713744973	47.36666666666667	23.36375	4.565416666666667	1.778805555555556	2.7420833333333334	4.503482278412857
Arabic	case_adj	4.8871283917055415	6.486630946960118	33.33333333333325	116.6762380357886	2.205473375802603	2.093029141211844	52.99958385351644	25.5605493133583	6.4898044111527255	2.201839466539843	3.1627132750728255	4.8871283917055415
Arabic	case_noun	5.001185003304772	7.58168339185665	33.33333333333325	115.98834789846026	2.2034490597437255	2.0750492436523027	52.85975863503953	25.637952559300874	5.955472326258843	2.082657590710028	3.037037037037037	5.001185003304772
Arabic	definite_noun	5.347789571999026	7.648143030080694	33.33333333333325	117.90803162713276	2.2067317149659424	2.0919350910790704	53.752808988764045	25.903870162297128	5.778610070744902	2.068654261538157	2.9891801914273826	5.347789571999026
Arabic	gender_adj	4.743772217021506	6.468529729717904	50.0	119.87458333333333	2.2200006584572876	2.0964809557599406	54.12125	26.016666666666666	6.617916666666667	2.2804394841269873	3.13625	4.743772217021506
Arabic	gender_verb	4.561179261507734	6.979274860248442	50.0	115.62625	2.2024214177266486	2.0497308175836055	52.70291666666667	25.86541666666667	4.64	1.7672400793650809	2.79	4.561179261507734
Armenian	animacy_noun	6.216279430951944	6.982669008210691	60.0	107.55583333333334	2.0074373107198484	2.6132299278105826	53.185833333333335	20.515833333333333	8.294583333333334	2.1756293290043276	4.156666666666666	6.216279430951944
Armenian	definite_noun	6.192619668898097	6.7538468678452785	50.0	108.16541666666667	2.025661224907743	2.6010426094588754	53.03791666666667	20.487083333333334	8.51625	2.2418052248677274	4.158333333333333	6.192619668898097
Armenian	subcat_verb	5.609499393559138	6.6220525372071535	50.0	100.3775	1.9601785306715718	2.5411971301698233	50.630833333333335	19.992916666666666	7.382916666666667	2.0993700396825377	3.85375	5.609499393559138
Basque	case_noun	9.242418813369383	6.224040540595189	9.090909090909118	95.79158068510111	2.9288555727891343	1.998538361834461	32.62071811803549	16.381758151052413	9.849773008666942	3.1595801479210452	3.24927775484936	9.242418813369383
Basque	definite_noun	9.264471025042416	6.929668342210241	50.0	94.34291666666667	2.9160222114482663	1.9811708840825373	32.2125	16.29083333333333	9.280416666666667	3.077663855820106	3.1391666666666667	9.264471025042416
Basque	number_noun	9.247789302606332	6.404370104535686	50.0	96.6475	2.949559422987645	2.0029871503203447	32.75666666666667	16.36625	9.697083333333333	3.111762235449735	3.2391666666666667	9.247789302606332
Bulgarian	aspect_verb	6.822202374010475	6.999406055697357	50.0	74.25583333333333	2.4256056179296155	1.8796288284531033	30.234583333333333	16.229166666666668	7.468333333333334	2.4192238756613724	3.247916666666667	6.822202374010475
Bulgarian	definite_adj	8.158870357114495	7.103503417197174	50.0	94.2025	2.576913654087947	1.9637766732679973	36.5175	18.81625	9.300416666666667	2.9076698683261144	3.4183333333333334	8.158870357114495
Bulgarian	definite_noun	8.256581050745671	7.5677502099034495	50.0	85.67666666666666	2.507921824761067	1.95788188279326	34.01125	17.67	8.3275	2.9695120701058175	3.1020833333333333	8.256581050745671
Bulgarian	gender_adj	8.195562553292401	6.980926863176931	33.33333333333325	92.14357053682896	2.5623648940514525	1.9489700719151835	35.888888888888886	18.60382854764877	9.075738660008323	2.9573221964607734	3.3258426966292136	8.195562553292401
Bulgarian	gender_noun	8.20457863646702	7.673033010903977	33.33333333333325	87.35289221806076	2.517984516990034	1.951302789933451	34.54099042863088	17.9625468164794	8.470245526425302	3.0203342052593007	3.110278818143987	8.20457863646702
Bulgarian	number_adj	8.024057997854907	6.866261620007736	50.0	95.09916666666666	2.5747194054458564	1.9773389400358035	36.87375	18.91583333333333	9.390833333333333	2.873335813492064	3.47125	8.024057997854907
Bulgarian	number_verb	6.694993311226231	6.765411417511393	50.0	76.145	2.4404520330857067	1.8886028806511077	30.804583333333333	16.504166666666666	7.607916666666667	2.43070833333334	3.305	6.694993311226231
Bulgarian	person_verb	6.869258520960873	6.165108168832456	35.82089552238705	66.57725947521865	2.3662648210925927	1.839952553717194	27.522698875468556	15.09954185755935	7.297792586422324	2.3155758513317872	3.301957517700958	6.869258520960873
Bulgarian	tense_verb	6.82637284774345	6.349709865922118	38.308457711444476	73.1631973355537	2.4020974055049638	1.8966615656293582	30.12323064113239	16.06661115736886	7.4779350541215655	2.385017445779312	3.309741881765196	6.82637284774345
Bulgarian	verbform_verb	6.56318549175031	7.216972722740089	50.0	76.90083333333334	2.4375465759425747	1.8796527346639553	31.20625	16.755	7.70375	2.501705026455031	3.254583333333333	6.56318549175031
Bulgarian	voice_verb	6.615805102571482	7.255106874822672	73.5	78.10583333333334	2.4637041212984605	1.8701034229044349	31.298333333333332	16.871666666666666	7.724166666666667	2.5415277777777834	3.2395833333333335	6.615805102571482
Catalan	gender_adj	9.166655758947387	7.502097077490618	50.0	123.38791666666667	3.095490836471137	1.462504731564931	39.964166666666664	27.44625	8.747083333333334	3.5742142857142842	2.714583333333333	9.166655758947387
Catalan	gender_noun	9.425854148668432	8.292837447265802	50.0	117.24416666666667	3.0398249022883608	1.445901221820628	38.61541666666667	26.819166666666668	8.1525	3.736479166666665	2.4091666666666667	9.425854148668432
Catalan	mood_verb	8.643328476005191	6.754033250826296	68.0	116.6575	3.0506163287626	1.4415261426613388	38.13166666666667	26.58875	7.904166666666667	3.2632361111111123	2.5716666666666668	8.643328476005191
Catalan	number_adj	9.269589397217237	7.287870377883638	50.0	123.24583333333334	3.1150052525135505	1.4591045530627456	39.65	27.34625	8.96	3.774312499999999	2.6683333333333334	9.269589397217237
Catalan	number_noun	9.501228267503071	8.029015422767504	50.0	118.91083333333333	3.047569724867573	1.4492324726753332	39.069583333333334	27.075	8.28375	3.765793650793645	2.435	9.501228267503071
Catalan	number_verb	8.78069238502035	6.875684280590906	50.0	115.37041666666667	3.0486661801196946	1.440920628342833	37.82125	26.379166666666666	8.084166666666667	3.3653263888888887	2.5525	8.78069238502035
Catalan	tense_verb	8.718371270783235	6.409040482834111	25.0	118.01208333333334	3.046331080756234	1.4397289519379142	38.69375	27.0175	8.184583333333334	3.346604166666668	2.5954166666666665	8.718371270783235
Catalan	verbform_verb	8.765666633815647	6.990522109082602	29.207920792077655	116.84247714048213	3.05033389684607	1.4302523391584545	38.28927680798005	26.878221113881963	8.127597672485454	3.515731504571903	2.5108063175394846	8.765666633815647
Croatian	case_adj	9.004217590532992	7.02515364318394	17.821782178217035	126.91805324459234	2.825681147069171	1.866809728812976	44.96672212978369	24.227537437603992	9.087354409317804	3.031054393471201	3.1405990016638934	9.004217590532992
Croatian	case_noun	9.205280166283394	7.801815495017692	16.666666666666618	122.44379925342182	2.8001731991451346	1.8426587313474807	43.715885524678555	23.85566155122356	8.094566569888013	3.190307650780484	2.737453338863542	9.205280166283394
Croatian	definite_adj	8.959209184655034	7.6910919281452665	73.0	113.39625	2.8213102453268704	1.832906564940506	40.16833333333334	21.991666666666667	8.536666666666667	2.987467261904763	2.9983333333333335	8.959209184655034
Croatian	gender_adj	9.026763040464086	7.524136202303744	33.33333333333325	123.44860590928006	2.838532665103847	1.855289878166336	43.57012068248023	23.60549313358302	8.94173949230129	3.0064258301461795	3.1156887224302956	9.026763040464086
Croatian	gender_noun	9.066452330761953	8.151944977653677	33.33333333333325	119.82397003745318	2.8081620281546	1.8473913539361035	42.71743653766126	23.295464003329172	8.209737827715356	3.1797567854996065	2.77819392426134	9.066452330761953
Croatian	number_adj	8.995570234188056	7.528835470417027	50.0	125.38041666666666	2.8381369247268973	1.845749163920301	44.20666666666666	24.085	9.02	3.0680988756613767	3.0825	8.995570234188056
Croatian	number_noun	9.246018231598912	8.167836405243076	50.0	121.39625	2.8119565153017483	1.8326014793889138	43.16291666666667	23.69	8.029583333333333	3.230174107142857	2.6866666666666665	9.246018231598912
Croatian	number_verb	7.737121689460773	7.0224942520978155	50.0	112.47666666666667	2.770754888601183	1.7848078869527004	40.48291666666667	22.810833333333335	7.664166666666667	2.85965972222222	2.8229166666666665	7.737121689460773
Croatian	tense_verb	7.62810684728543	7.0893880759986	50.0	113.9075	2.7759305343765073	1.7732169046451944	40.9925	23.183333333333334	7.58625	2.8682291666666666	2.796666666666667	7.62810684728543
Croatian	verbform_verb	7.671989645945742	6.927917892310015	33.33333333333325	114.30087390761548	2.776712380778628	1.7800287078179287	41.11069496462755	23.19392426133999	7.903037869330004	2.863899292550981	2.874739908447774	7.671989645945742
Czech	animacy_adj	8.797422459400803	6.744056601312169	50.0	109.72875	2.559275963438675	2.05670962913882	42.81875	21.237916666666667	9.733333333333333	2.784233961640211	3.6641666666666666	8.797422459400803
Czech	animacy_noun	9.13053686447844	7.524791395061012	50.0	100.29125	2.4958773369334817	2.007125879747654	39.99916666666667	20.294166666666666	7.6625	2.602210317460318	3.129166666666667	9.13053686447844
Czech	animacy_propn	9.348022585124754	8.596090285167765	50.0	103.41541666666667	2.5754351337024293	1.9188346419905122	40.05	21.1225	6.92125	2.97955853174603	2.6466666666666665	9.348022585124754
Czech	animacy_verb	7.055213176781649	5.07560148871524	50.0	94.43333333333334	2.4561883583579416	1.9285192184613213	38.068333333333335	19.911666666666665	8.073333333333334	2.4782366071428577	3.38125	7.055213176781649
Czech	aspect_adj	6.591514959133982	5.872479985458952	50.0	111.84291666666667	2.5907492779309873	1.993354692309033	43.15833333333333	21.87875	9.33375	2.648994047619047	3.6820833333333334	6.591514959133982
Czech	aspect_verb	6.763579861356905	7.04506500881978	50.0	99.53791666666666	2.5068553491271675	1.973848533386896	39.545	20.35125	8.367083333333333	2.403076388888887	3.6104166666666666	6.763579861356905
Czech	case_adj	8.754828932584864	6.702443145064828	16.666666666666615	113.73714759535655	2.567943072454578	2.0703504827677146	44.290630182421225	21.679933665008292	9.947346600331676	2.796742478085758	3.7251243781094527	8.754828932584864
Czech	case_propn	9.28611167882032	7.5216315208305256	16.666666666666615	108.65008291873964	2.5730343902727624	1.9510826259702505	42.200248756218905	21.890961857379768	7.634328358208955	2.8402688936271026	2.916252072968491	9.28611167882032
Czech	degree_adj	6.85070560180758	5.436172563766534	47.5	110.24739691795085	2.5831847663741088	2.053416794574266	42.68054977092878	21.065389421074553	11.172428154935444	2.8449222546161277	4.107455226988755	6.85070560180758
Czech	gender_adj	8.682956816149284	7.101308177736016	33.33333333333325	111.71826883062838	2.582015441661023	2.0578404609232233	43.270911360799005	21.32168123179359	9.742821473158552	2.7967540574282093	3.650020807324178	8.682956816149284
Czech	gender_noun	8.933770043142397	8.054197271817419	33.33333333333325	102.35622138992926	2.5021450497338864	2.0397198428157273	40.68539325842696	20.330420307948398	7.806075738660009	2.609603465845667	3.1702039117769454	8.933770043142397
Czech	gender_propn	9.33205321547733	8.919947696966494	33.33333333333325	104.46774864752393	2.5600151356615513	1.9164778677421257	40.72034956304619	21.525593008739076	6.7598834789846025	2.9165423181340797	2.631710362047441	9.33205321547733
Czech	gender_verb	6.95244698703804	5.9775875134052106	33.33333333333325	94.72326258843113	2.475888277750698	1.9293681000998475	37.95672076570953	19.85310029130254	8.350811485642947	2.508212948100588	3.4581772784019975	6.95244698703804
Czech	mood_verb	7.203732469072142	5.729445060720944	50.0	82.23125	2.346334816425657	1.9265617370667736	34.2475	17.94625	7.524166666666667	2.2185367063492105	3.5316666666666667	7.203732469072142
Czech	nametype_propn	9.564847025919383	8.962227192056881	14.499999999999996	96.67110187110187	2.562385795589614	1.9216476746017193	37.633264033264034	19.743451143451143	6.641164241164241	3.0002306702306685	2.565904365904366	9.564847025919383
Czech	number_adj	8.682025052775986	7.129147353648244	50.0	113.57791666666667	2.5819113372308946	2.0552343039350456	43.92333333333333	21.678333333333335	9.88625	2.8350353835978845	3.6595833333333334	8.682025052775986
Czech	number_noun	8.994441205700657	7.936330375887023	50.0	102.98083333333334	2.49903012831332	2.0358941096463976	41.001666666666665	20.50375	7.839166666666666	2.5953174603174594	3.1654166666666668	8.994441205700657
Czech	number_propn	9.039129599988827	8.156059663425681	50.0	102.215	2.5411637886974385	1.9324260133356828	40.1125	21.08375	7.40125	2.8561230158730138	2.9058333333333333	9.039129599988827
Czech	number_verb	7.080153743565344	6.9310231741961275	50.0	93.58541666666666	2.4372634173839405	1.9418755486123098	37.98	19.775	8.112916666666667	2.4134330357142866	3.4775	7.080153743565344
Czech	person_verb	7.363846553225631	5.467729587178817	33.33333333333325	83.67415730337079	2.3481286115107296	1.9235404104193132	34.907199334165625	18.32917186849771	7.743237619642114	2.264860392763012	3.5418227215980025	7.363846553225631
Czech	polarity_adj	6.846993997641748	6.9617497620149225	50.0	112.23458333333333	2.5627061270671794	2.07369259119079	43.715	21.460833333333333	10.4	2.7291403769841254	3.975416666666667	6.846993997641748
Czech	polarity_verb	6.082686444673535	7.245989304679979	50.0	93.29166666666667	2.4498770546525264	1.9410588965313362	37.579166666666666	19.625833333333333	8.520833333333334	2.4102499999999996	3.651666666666667	6.082686444673535
Czech	voice_adj	7.069514093639873	5.6507119669053445	50.0	113.1475	2.5845198695181626	2.0200867079047224	43.82666666666667	21.949166666666667	9.615	2.7481696428571434	3.6804166666666664	7.069514093639873
Danish	definite_noun	9.576327010295824	7.9506887000083415	50.0	102.27291666666666	2.890069892511737	1.6485123286213346	35.263333333333335	21.67875	9.659583333333334	3.415257665945165	3.0920833333333335	9.576327010295824
Danish	gender_noun	9.602687905952697	8.217109165744802	50.0	104.30708333333334	2.8699192857117746	1.651250161617355	36.26875	22.2725	9.514583333333333	3.3672229437229455	3.0954166666666665	9.602687905952697
Danish	number_noun	9.529236432377957	7.892410874029563	50.0	102.79708333333333	2.872617152748854	1.6638317554914146	35.65833333333333	21.792916666666667	9.560416666666667	3.3233809523809517	3.12	9.529236432377957
Danish	tense_verb	8.201077560176708	7.03147239886889	54.0	97.29125	2.86828089848849	1.601513254121234	33.74791666666667	21.33125	7.355	3.2079722222222204	2.4879166666666666	8.201077560176708
Danish	verbform_verb	8.16738853141109	7.3596815793844685	33.33333333333325	98.9404910528506	2.8763694952842807	1.5752091038439637	34.21057012068248	21.863920099875156	7.123179359134415	3.114509640726865	2.4665002080732417	8.16738853141109
Dutch	gender_noun	9.573669694008688	8.935801791382758	50.0	97.49666666666667	3.2479457520670048	1.5291243686074631	30.054583333333333	19.812916666666666	9.303333333333333	3.7213740079365083	2.75375	9.573669694008688
Dutch	gender_propn	9.494709164469926	9.448647004865542	50.0	89.78041666666667	3.182953936030881	1.5134364457312384	28.129166666666666	18.76875	7.4991666666666665	3.556519319800572	2.45625	9.494709164469926
Dutch	number_noun	9.69216546276749	8.142573915925162	50.0	102.14666666666666	3.2759821005093444	1.5451005361976158	31.290416666666665	20.437083333333334	10.036666666666667	3.7067304766992195	2.93625	9.69216546276749
Dutch	verbform_verb	7.684525675738374	7.215648413178865	33.33333333333325	95.22263836870579	3.2312426775861507	1.5063892790931228	29.34623387432376	19.557220141489804	8.435705368289637	3.419375582109668	2.6641697877652932	7.684525675738374
English	number_noun	10.214726497428392	8.267786950975394	50.0	93.71458333333334	3.4598410189164013	1.2852285019893375	27.047083333333333	21.651666666666667	7.682083333333333	4.083759424603176	2.1875	10.214726497428392
English	tense_verb	9.853214238460708	8.058040757137103	50.0	90.99833333333333	3.50960081328106	1.240166307043989	25.935416666666665	21.231666666666666	7.370416666666666	4.560909722222221	1.9220833333333334	9.853214238460708
English	verbform_verb	9.781098175406703	8.263037367059983	25.0	92.95833333333333	3.5081471397669617	1.2423518518116514	26.3275	21.596666666666668	7.42	4.268409722222223	2.0329166666666665	9.781098175406703
Estonian	case_adj	8.677643888111184	6.537352738558641	12.5	117.72875	2.6561039107561446	2.3585531325864983	44.248333333333335	19.0375	10.085833333333333	2.792802414021164	3.683333333333333	8.677643888111184
Estonian	case_noun	8.798747792146159	7.317668795015693	6.666666666666428	109.64691358024692	2.647157204429073	2.28204720157657	41.392181069958845	18.360905349794237	10.441563786008231	2.881424815468028	3.7473251028806582	8.798747792146159
Estonian	number_adj	8.763019587101411	7.030033802538804	50.0	114.12541666666667	2.6566412994408566	2.3374883145720515	42.92375	18.53375	10.12	2.798610975829719	3.69375	8.763019587101411
Estonian	number_noun	8.882070309500136	7.500706687789129	50.0	109.42	2.624730626472955	2.322484983317215	41.635416666666664	18.17	10.375833333333333	2.7997301587301537	3.8179166666666666	8.882070309500136
Estonian	number_verb	8.227668441765179	5.6575331346935	50.0	91.18	2.553870371852052	2.150111475016972	35.24791666666667	16.47458333333333	7.475833333333333	2.5957638888888916	2.9875	8.227668441765179
Estonian	person_verb	8.282705514343125	6.383891827043904	37.5	78.29154518950438	2.485515904919367	2.0489787450821404	30.93377759266972	15.109537692628072	7.003331945022907	2.5446619464112175	2.8458975426905457	8.282705514343125
Estonian	tense_adj	8.153376284706901	5.252215608153337	50.0	122.39125	2.6693774162464323	2.3613762089919983	45.861666666666665	19.712083333333332	9.430416666666666	2.922612433862432	3.3670833333333334	8.153376284706901
Estonian	tense_verb	8.184195420828349	6.616014587524363	50.0	90.17083333333333	2.580278521863454	2.108508896403677	34.65625	16.519166666666667	7.59125	2.6821180555555575	2.9341666666666666	8.184195420828349
Estonian	verbform_verb	8.217825045039271	6.216653920454412	20.792079207921688	102.77227310574521	2.609891584800924	2.1599359286565756	39.11740216486262	18.142381348875936	8.246877601998335	2.8362710307547943	3.019983347210658	8.217825045039271
Estonian	voice_adj	8.089141313164898	5.149348569013537	57.999999999999986	120.99458333333334	2.6653132883454576	2.3517630841159014	45.42666666666667	19.585416666666667	9.5175	2.9637022156084685	3.3441666666666667	8.089141313164898
Estonian	voice_verb	8.188771288977831	6.450553182753131	50.0	99.29333333333334	2.6204532678636436	2.1907486006360886	37.556666666666665	17.262916666666666	8.264166666666666	2.9167177579365093	2.9470833333333335	8.188771288977831
Finnish	case_adj	8.551375635361191	7.221289823655312	9.09090909090912	101.35841256717652	2.8947425414088452	2.380068694926257	34.812732534105	14.84167011161637	10.957420421661844	3.134748730439105	3.6023150062009095	8.551375635361191
Finnish	case_noun	8.903767142801328	7.572418591425441	8.457711442785966	99.41400745959386	2.8831933576811997	2.3871190878846473	34.340240364691255	14.624948197264816	11.35308744301699	3.01285299863833	3.898052217157066	8.903767142801328
Finnish	case_propn	9.26180169278531	7.01703764146587	12.5	93.20814291649356	2.9810231822858713	2.2621415340396545	31.330702118820106	14.118404653095139	9.419194017449106	3.312897402417554	3.0689655172413794	9.26180169278531
Finnish	case_verb	8.085802046910148	7.0610838041817905	8.571428571428624	100.31064356435644	2.849743481303448	2.389926772121299	34.95379537953795	14.712458745874587	10.430693069306932	2.980146288438363	3.6155115511551155	8.085802046910148
Finnish	degree_adj	8.357641301944836	7.071973577464443	34.3283582089545	105.60807996668055	2.9055197047696244	2.345454768541525	36.212411495210326	15.580591420241566	10.585172844648064	2.9880205337723047	3.630987088713036	8.357641301944836
Finnish	derivation_adj	8.300068532185062	6.726807717443995	25.0	123.59916666666666	2.9660829462502667	2.4172886599182495	41.67458333333333	17.486666666666668	12.284583333333334	3.3725710828523336	3.817083333333333	8.300068532185062
Finnish	derivation_noun	8.494957028533653	7.153338096759867	20.0	122.15980024968789	2.9724802746398904	2.43365746234011	41.25967540574282	17.11860174781523	12.307532251352477	3.2299778595658792	3.9870994590095714	8.494957028533653
Finnish	infform_verb	8.142647948538832	6.348424464512856	33.33333333333325	94.99500416319734	2.8275387832654713	2.298466160807372	33.302664446294756	14.562447960033305	9.540799333888426	2.991806431148644	3.286427976686095	8.142647948538832
Finnish	mood_verb	8.396888534739771	6.7926329386484285	33.33333333333325	73.78277153558052	2.7170003222957715	2.1633382838440136	26.591344153141907	12.340823970037453	8.191427382438619	2.7398252184769047	3.093216812317936	8.396888534739771
Finnish	number_adj	8.680425690224931	7.492240118205627	50.0	100.15666666666667	2.9005922307541834	2.3783476958816854	34.39208333333333	14.6575	10.645416666666666	3.0730231481481494	3.564583333333333	8.680425690224931
Finnish	number_noun	8.99267501725859	7.884987561463102	50.0	102.43791666666667	2.886996701273113	2.3849048637227592	35.3525	15.02875	11.182083333333333	2.958660383597885	3.8970833333333332	8.99267501725859
Finnish	number_verb	8.441751522750542	7.318661697557986	50.0	94.88375	2.8263821569686445	2.3414135969559626	33.194583333333334	14.283333333333333	9.442916666666667	2.866786706349205	3.3895833333333334	8.441751522750542
Finnish	partform_verb	7.904285269896534	7.107569939216019	33.33333333333325	106.35955056179775	2.8918106588225867	2.409570669194728	36.603828547648774	15.379525593008738	10.126924677486475	2.908531663462997	3.5946733250104037	7.904285269896534
Finnish	tense_verb	8.381900436264857	7.031388144441719	50.0	78.93291666666667	2.781633192419871	2.2310338112958124	27.986666666666668	12.72375	7.905833333333334	2.82245337301587	2.932916666666667	8.381900436264857
Finnish	verbform_verb	8.30048580295205	7.658658899702578	33.33333333333325	91.98168955472326	2.8297307332407704	2.3004246832562054	32.17436537661257	14.130669995838534	9.359134415314191	2.8909319699581815	3.3341656263004578	8.30048580295205
Finnish	voice_verb	8.379335382518063	7.525336754068277	50.0	95.36916666666667	2.8457344480196736	2.324982118407739	33.17125	14.362083333333333	9.574166666666667	2.937454695767197	3.3583333333333334	8.379335382518063
French	gender_adj	9.68269520567916	8.039375998693014	50.0	113.31708333333333	3.3847867562135727	1.4026474483168356	33.70166666666667	24.253333333333334	8.9625	4.1120550595238115	2.5120833333333334	9.68269520567916
French	gender_noun	9.928959813492664	8.817844810572806	50.0	108.62583333333333	3.3078067290950783	1.3979445418188678	32.9975	24.002083333333335	8.339166666666667	4.108842270607071	2.36375	9.928959813492664
French	gender_verb	8.562714335236691	6.338740899618507	50.0	107.43958333333333	3.3304050651167802	1.3750524549891603	32.47	23.76375	7.590416666666667	3.477726190476191	2.46125	8.562714335236691
French	number_adj	9.623373054004153	7.718620778504346	50.0	114.77041666666666	3.41513942077853	1.4012546702998678	33.848333333333336	24.427083333333332	9.147916666666667	4.152134063852819	2.54875	9.623373054004153
French	number_noun	10.027220689342858	8.432752028453415	50.0	109.165	3.310071440839394	1.3981408250290868	33.23041666666666	24.026666666666667	8.315416666666666	4.131356150793648	2.3295833333333333	10.027220689342858
French	number_verb	8.847658152359765	7.258930029697758	50.0	108.63125	3.339578909226719	1.3759980494605966	32.6625	23.877916666666668	8.034166666666666	3.574444444444446	2.495833333333333	8.847658152359765
French	tense_verb	8.798545946269615	7.080904330258873	28.217821782178355	107.6007493755204	3.3112616767888343	1.3794637288086329	32.63238967527061	23.812656119900083	8.201915070774355	3.5688800999167354	2.515820149875104	8.798545946269615
French	verbform_verb	8.777475287341531	7.423792348586565	39.800995024876826	109.10070744902205	3.3058085082212476	1.3730623920680305	33.11194340407823	24.250936329588015	7.85892634207241	3.5353793868775143	2.468997086974615	8.777475287341531
German	case_adj	9.343490854261036	6.574865678481809	25.0	121.91291666666666	3.685125160731211	1.6441467659158946	33.30375	20.608333333333334	11.302916666666667	4.2333189484127	3.0295833333333335	9.343490854261036
German	case_noun	9.636470947647087	9.156791978044321	25.0	116.25375	3.6882157062399674	1.5064406821602108	31.845	21.287916666666668	10.514166666666666	4.331694444444446	2.7575	9.636470947647087
German	case_propn	9.944227560714136	9.33502470744194	25.0	110.83666666666667	3.640164686971231	1.5193158340841042	30.71291666666667	20.553333333333335	7.510833333333333	3.604314965127465	2.4170833333333333	9.944227560714136
German	gender_adj	9.443280508828565	7.102107406078088	33.33333333333325	120.97460449625312	3.71557944203141	1.5510082722968317	32.8180682764363	21.41631973355537	10.75811823480433	4.547489691130405	2.7597835137385514	9.443280508828565
German	gender_noun	9.563884822368527	9.160678122584875	33.33333333333325	114.3304203079484	3.6878862370944363	1.5145415158297648	31.29338327091136	20.841448189762797	10.625468164794007	4.356102325796458	2.799001248439451	9.563884822368527
German	gender_propn	10.156421618262513	9.990141771661142	33.33333333333325	112.744379683597	3.686274126964181	1.4311831789087865	31.011240632805993	21.760199833472107	7.3588676103247295	4.1136632171603065	2.1253122398001665	10.156421618262513
German	number_adj	9.449667942869961	7.1410553428497225	50.0	124.09083333333334	3.7360523125748	1.5542051383732742	33.499583333333334	21.815416666666668	10.883333333333333	4.604597718253963	2.7625	9.449667942869961
German	number_noun	9.522832940390897	8.894987731456194	50.0	114.98625	3.677787256987108	1.5239875119758524	31.554166666666667	20.889583333333334	10.764583333333333	4.197929728835982	2.87625	9.522832940390897
German	number_verb	8.38220456438935	7.499434506858822	50.0	110.71208333333334	3.5460815221951907	1.6234591486448535	31.300416666666667	19.773333333333333	8.292916666666667	3.7760486111111096	2.4591666666666665	8.38220456438935
German	tense_verb	8.505160170029688	7.491504707550759	50.0	110.2525	3.580872889753335	1.5911952646246352	30.92625	19.780416666666667	8.17375	3.8187986111111125	2.421666666666667	8.505160170029688
German	verbform_verb	8.081781757265237	8.35513292116583	33.33333333333325	111.30016652789342	3.689738419626431	1.4622766492030588	30.5	20.914238134887594	8.975020815986678	4.733742714404661	2.284346378018318	8.081781757265237
Greek	aspect_verb	4.68352637388854	6.717298663422394	50.0	130.9875	2.069401932545593	2.522791029426007	63.499583333333334	25.315416666666668	9.481666666666667	1.9538346861471823	5.254166666666666	4.68352637388854
Greek	case_noun	5.321517495761173	7.926457948753454	33.33333333333325	134.2588431127757	2.0786007990011766	2.536845469406077	64.75863503953391	25.7819392426134	8.422388680815647	1.9963559109314442	4.580940491052851	5.321517495761173
Greek	gender_noun	5.347457907231865	8.011757854527243	33.33333333333325	134.93133583021225	2.07092312385876	2.544714938686464	65.23886808156472	25.90054099042863	8.330004161464835	1.9854896987231596	4.540574282147316	5.347457907231865
Greek	number_noun	5.277512346776049	7.880967229183555	50.0	135.26958333333334	2.0768599121761095	2.5519672911421707	65.25166666666667	25.829583333333332	8.522083333333333	1.9944247384559912	4.62	5.277512346776049
Greek	voice_verb	4.698485459528108	6.74050519268338	50.0	131.38875	2.0725374553989035	2.522393309974587	63.59875	25.371666666666666	9.501666666666667	1.963020036676283	5.25125	4.698485459528108
Hebrew	gender_noun	5.990575401705798	8.019401068426145	50.0	87.51541666666667	2.0151415834571296	2.0324198843098253	43.64958333333333	21.529583333333335	5.022083333333334	2.1462361111111115	2.57125	5.990575401705798
Hebrew	gender_verb	4.810413564078134	7.524251379585685	50.0	81.59541666666667	2.0081968480366457	2.0394229772563204	40.71208333333333	20.1125	4.937916666666666	1.8391874999999978	2.85	4.810413564078134
Hebrew	hebbinyan_verb	4.505283620542216	7.857568477896806	14.285714285714105	83.29401993355482	2.0134060052782954	2.057796033118974	41.454734219269106	20.280730897009967	5.17109634551495	1.8486503322259087	2.9663621262458473	4.505283620542216
Hebrew	number_noun	5.962467667255467	7.806163807141976	50.0	87.62333333333333	2.015344126184292	2.046148034912923	43.68833333333333	21.419583333333332	5.093333333333334	2.1480902777777775	2.58375	5.962467667255467
Hebrew	number_verb	4.782610948284682	7.39622561318452	50.0	81.61625	2.005934187613954	2.054150591836993	40.78208333333333	19.98875	5.024583333333333	1.867979166666665	2.8533333333333335	4.782610948284682
Hindi	case_adj	6.090703580299912	6.948000632747231	62.5	90.22833333333334	2.101542183104614	1.890073898583688	43.35791666666667	22.957916666666666	6.325	2.0676374007936498	3.4875	6.090703580299912
Hindi	case_noun	6.1345375537443685	7.191509924289183	50.0	86.3225	2.0786663799550227	1.8640037363066218	41.94916666666666	22.4575	6.265833333333333	1.9784489087301567	3.5275	6.1345375537443685
Hindi	case_propn	6.159930190071365	7.22882958342102	50.0	94.685	2.0230453296974646	1.9604216020869603	47.29375	24.08	6.029166666666667	1.7841868386243371	3.7495833333333333	6.159930190071365
Hindi	gender_noun	6.068908102178984	7.111686105923618	50.0	85.54833333333333	2.0751345812786566	1.8618853293949393	41.59458333333333	22.3275	6.2875	1.9982068452380952	3.54875	6.068908102178984
Hindi	gender_propn	6.160997916591967	7.085116661768539	50.0	94.15416666666667	2.02217271818796	1.9636695983996424	46.994166666666665	23.899166666666666	6.038333333333333	1.7790777116402121	3.7129166666666666	6.160997916591967
Hindi	number_noun	6.175289038738858	6.603564031186975	50.0	86.35541666666667	2.088000713407422	1.8569448736093508	41.825833333333335	22.46375	6.622083333333333	2.0334740410052934	3.6283333333333334	6.175289038738858
Hungarian	number[psor]_noun	8.376040825653735	8.04860959453464	50.0	128.02583333333334	2.6810749129475586	2.0925507007399053	47.69875	22.94333333333333	9.61875	2.8711519892144923	3.5808333333333335	8.376040825653735
Hungarian	number_noun	8.406500883409723	7.92724021765634	50.0	136.06583333333333	2.699465390133283	2.1021042050778718	50.42333333333333	24.109583333333333	9.716666666666667	2.8627943884818943	3.6329166666666666	8.406500883409723
Hungarian	person[psor]_noun	8.32266113633743	8.055361904582456	50.0	129.00125	2.683215402226856	2.096071214715064	48.04625	23.071666666666665	9.62625	2.8773632987383024	3.5741666666666667	8.32266113633743
Italian	gender_adj	9.37037147546745	8.082540311502239	50.0	109.88208333333333	3.2885446661615108	1.530073084829281	33.76541666666667	22.565	8.38375	3.70849900793651	2.49875	9.37037147546745
Italian	gender_noun	9.646741853211877	8.63733547534522	50.0	103.39291666666666	3.2044701386666916	1.541373938623164	32.522083333333335	21.601666666666667	8.361666666666666	3.81534226190476	2.4320833333333334	9.646741853211877
Italian	number_adj	9.509850700752095	7.999936177159789	50.0	111.8675	3.3189847072105154	1.5371271383245655	34.05916666666667	22.752916666666668	8.706666666666667	3.8688358134920637	2.5295833333333335	9.509850700752095
Italian	number_noun	9.636696744200789	8.341982909052934	50.0	101.63333333333334	3.178499689971577	1.548882302229019	32.263333333333335	21.28	8.185833333333333	3.743687499999998	2.4245833333333335	9.636696744200789
Italian	number_verb	8.93657266232429	7.435513983910705	50.0	102.32166666666667	3.229624462075578	1.5124918424227725	32.025416666666665	21.517083333333332	8.237916666666667	3.5038273809523792	2.5370833333333334	8.93657266232429
Italian	person_verb	8.860989754664546	7.425537368724746	48.0	95.21416666666667	2.9973326271583636	1.60184417648461	32.3425	20.642916666666668	7.565	3.144422619047617	2.55875	8.860989754664546
Italian	tense_verb	8.830279575333433	6.779723956143717	25.0	97.92166666666667	3.1980687776278747	1.52008590206369	31.08875	20.6875	8.473333333333333	3.4096250000000015	2.655	8.830279575333433
Italian	verbform_verb	8.863026200363308	6.97731954195305	29.5	105.01208333333334	3.2405389364844566	1.5209663637548665	32.630833333333335	21.77125	8.734166666666667	3.646888888888884	2.6079166666666667	8.863026200363308
Latin	aspect_verb	8.227071855552284	6.001932298615302	50.0	96.51666666666667	2.925257137407095	1.8988846184519763	32.89416666666666	17.5475	9.197916666666666	3.2460902777777814	2.95125	8.227071855552284
Latin	case_verb	8.22748404325643	6.308966243208	21.287128712872246	104.63424771404821	2.998759852104889	1.8706304239673412	34.95968412302577	18.93682460515378	9.11388196176226	3.5020504294818506	2.746467165419784	8.22748404325643
Latin	gender_adj	8.859290883262442	7.115208249487072	33.33333333333325	102.37786100707449	2.992203985158794	1.8398494526999296	34.33458177278402	18.868913857677903	8.664169787765294	3.627793630977152	2.6063254265501454	8.859290883262442
Latin	gender_noun	9.316993418155365	7.021220606980921	33.33333333333325	98.42779858510195	2.942181116294985	1.883999041145733	33.4735746982938	18.022055763628796	8.38368705784436	3.421223470661671	2.5925925925925926	9.316993418155365
Latin	gender_verb	8.157388342188261	6.390318726691882	33.33333333333325	104.91718684977111	3.0012625414213203	1.8521452663500124	35.03370786516854	19.14148980441115	8.910112359550562	3.485927313080876	2.7020391177694547	8.157388342188261
Latin	mood_verb	8.233453005196319	6.684878870266951	36.0	82.94171523730225	2.859851448502259	1.8602660529879693	28.78601165695254	15.711906744379684	8.43255620316403	3.166486261448797	2.776436303080766	8.233453005196319
Latin	number_adj	8.942295838518543	7.011962174932154	50.0	100.74041666666666	2.994688734429674	1.8539869527498225	33.75666666666667	18.437083333333334	8.680833333333334	3.595365079365081	2.6195833333333334	8.942295838518543
Latin	number_noun	9.361046584310232	6.646900440172774	50.0	100.24833333333333	2.966428679301347	1.886542415916396	33.845	18.177083333333332	8.642916666666666	3.4270545634920655	2.6554166666666665	9.361046584310232
Latin	number_verb	8.370010758186645	6.732533810933624	50.0	94.95666666666666	2.9265178800491274	1.884142295102539	32.382083333333334	17.445416666666667	8.98375	3.2574236111111152	2.8891666666666667	8.370010758186645
Latin	person_verb	8.199521021154837	6.592226604559532	33.33333333333325	80.33666250520183	2.838044137193992	1.8824831076747648	28.170620058260507	15.207657095297545	8.441115272575948	3.02873491468997	2.867249271743654	8.199521021154837
Latin	tense_verb	8.23250110059123	6.250477662390704	22.88557213930428	96.44277985851019	2.9035982281984603	1.8851022066128094	33.02954640033292	17.812734082397004	9.394923012900541	3.242301290054096	3.0245526425301708	8.23250110059123
Latin	verbform_verb	8.296478637424789	6.768556094776378	22.88557213930428	102.69900083263947	2.9521255373822073	1.870548801272935	34.740216486261446	18.79933388842631	9.085761865112406	3.3352275881210076	2.860532889258951	8.296478637424789
Latin	voice_verb	8.301270361653083	6.856332977560692	50.0	96.50333333333333	2.9267675109012954	1.8679834117046623	32.89958333333333	17.908333333333335	8.887083333333333	3.2398888888888844	2.8733333333333335	8.301270361653083
Latvian	case_adj	8.262398365623847	6.501736553650643	20.0	115.84804329725229	2.3532753900086467	2.3130580209841827	48.91174021648626	21.217318900915902	8.656952539550375	2.5323184713796705	3.536219816819317	8.262398365623847
Latvian	case_noun	8.876223011642226	7.254939346393739	20.0	108.415	2.336430571301161	2.2938148367728877	46.087916666666665	20.137916666666666	8.163333333333334	2.5933467261904792	3.3633333333333333	8.876223011642226
Latvian	case_propn	8.460035798049617	6.908697432742214	26.5	105.53102873802582	2.344126459348013	2.260733698306433	44.80591420241566	19.909620991253643	7.204081632653061	2.494639138454211	3.082882132444815	8.460035798049617
Latvian	definite_adj	8.356477914714752	6.773032995257759	50.0	106.3175	2.343918068326026	2.2860079663982575	45.17	19.824166666666667	8.43875	2.5129955357142806	3.47375	8.356477914714752
Latvian	definite_verb	6.89359345922149	6.154891239230807	63.5	112.85583333333334	2.3524536649013985	2.297023714122957	47.73166666666667	20.80125	9.1475	2.430734126984129	3.8745833333333333	6.89359345922149
Latvian	gender_adj	8.206576584460088	6.811460748395875	50.0	112.09583333333333	2.3420657413667665	2.291361575981018	47.56458333333333	20.782916666666665	8.425	2.5087357804232835	3.473333333333333	8.206576584460088
Latvian	gender_noun	8.943265940641586	7.478603807656591	50.0	108.44458333333333	2.346774342443678	2.2714760688471514	45.88333333333333	20.20875	8.105416666666667	2.6323432539682594	3.2883333333333336	8.943265940641586
Latvian	gender_propn	8.46994629360933	7.007637160435721	50.0	105.79666666666667	2.339649989776806	2.2339834285585223	44.81166666666667	20.09375	7.0175	2.588005952380948	2.9425	8.46994629360933
Latvian	gender_verb	6.8792124481822805	6.21612190506619	50.0	111.31291666666667	2.3491849127124604	2.2795764164393444	47.134166666666665	20.72625	9.105833333333333	2.443483630952376	3.84875	6.8792124481822805
Latvian	number_adj	8.21489236454397	6.713787486567741	50.0	110.42333333333333	2.3453069964983184	2.289314225251035	46.74666666666667	20.466666666666665	8.54875	2.5093736772486763	3.527083333333333	8.21489236454397
Latvian	number_verb	7.079886946911712	6.5842663011433435	50.0	100.41166666666666	2.2965048267544472	2.2284563880277135	43.25375	19.357083333333332	8.7325	2.3997723214285727	3.754583333333333	7.079886946911712
Latvian	person_verb	7.3273244144321525	7.039511585372129	33.33333333333325	78.63030807660283	2.2196400880095566	2.107335867778367	34.84596169858451	16.50083263946711	7.3917568692756035	2.3414223266325704	3.281015820149875	7.3273244144321525
Latvian	polarity_verb	6.759349457490164	7.405504120621955	50.0	94.49166666666666	2.274534806633688	2.199359076527798	41.004583333333336	18.56833333333333	8.2925	2.3917048611111063	3.5845833333333332	6.759349457490164
Latvian	tense_verb	7.1755050445375295	7.202447169352611	33.33333333333325	93.24053266749895	2.278053415008859	2.1918754905980613	40.45900957136912	18.401581356637536	7.918019142738244	2.358526544200704	3.4739908447773615	7.1755050445375295
Latvian	verbform_verb	7.258378610265973	6.57910595993202	25.0	104.0925	2.291431213431803	2.2414378227438316	44.904583333333335	20.077083333333334	8.340833333333334	2.395504960317458	3.605	7.258378610265973
Latvian	voice_verb	7.034739291476692	7.10581294588478	50.0	98.84083333333334	2.3227618404583676	2.216991764387064	42.278333333333336	19.086666666666666	8.379583333333333	2.3911428571428566	3.62625	7.034739291476692
Lithuanian	case_noun	8.811713547244125	7.167582391274713	16.666666666666618	116.43195020746887	2.5821793908145914	2.2687317339074724	44.95311203319502	20.220746887966804	8.47759336099585	2.851280379371665	3.179253112033195	8.811713547244125
Lithuanian	gender_noun	8.875941941200288	7.366069489036852	50.0	114.01458333333333	2.5657777789986045	2.2640291136571378	44.251666666666665	19.987083333333334	8.24	2.8832162698412676	3.1045833333333333	8.875941941200288
Lithuanian	number_noun	8.852471519079039	7.223786495012614	50.0	116.17416666666666	2.5778502986557057	2.2698460557544626	44.8725	20.215833333333332	8.341666666666667	2.8887496693121673	3.129166666666667	8.852471519079039
Lithuanian	number_verb	7.494136440758844	7.330909847485558	50.0	112.14125	2.5346987607250346	2.194970454018111	43.92125	20.191666666666666	8.814166666666667	2.6531736111111117	3.433333333333333	7.494136440758844
Norwegian_Bokmal	definite_adj	9.145108420538918	7.5105773781547205	73.0	94.10791666666667	3.0237988727774607	1.5883603911211897	30.898333333333333	19.76625	8.733333333333333	3.494319444444442	2.7529166666666667	9.145108420538918
Norwegian_Bokmal	definite_noun	9.604640182951465	7.940435482721447	50.0	92.97125	3.0175356723474396	1.6080738853149488	30.70916666666667	19.39	10.3475	3.415372685185186	3.2070833333333333	9.604640182951465
Norwegian_Bokmal	gender_noun	9.411685073561527	7.911894586621247	33.33333333333325	94.93674573449854	3.023700981608735	1.6203947926142945	31.277569704535995	19.690803162713276	10.327507282563463	3.3810602157356255	3.2363712026633373	9.411685073561527
Norwegian_Bokmal	number_adj	9.155340077395389	7.423566158285189	51.5	96.05875	3.0327348021248763	1.5991011072243408	31.505416666666665	19.972916666666666	8.880833333333333	3.5105376984127004	2.7816666666666667	9.155340077395389
Norwegian_Bokmal	number_noun	9.580011642761399	7.590173545299866	50.0	94.65125	3.0284499462751873	1.614802291139899	31.1325	19.62	10.550833333333333	3.4421066468253994	3.2445833333333334	9.580011642761399
Norwegian_Bokmal	tense_verb	8.579926148121082	6.88429050724099	50.0	82.87208333333334	2.963921156661015	1.560637517948523	27.65375	18.01625	6.89875	3.152381944444444	2.339583333333333	8.579926148121082
Norwegian_Bokmal	verbform_verb	8.453701468125265	7.444159946777935	33.33333333333325	88.51810237203496	2.9741942818882445	1.5625084980133226	29.538493549729505	19.196004993757803	7.067831876820641	3.068419436022432	2.4390345401581355	8.453701468125265
Norwegian_Nynorsk	definite_adj	9.15261022834908	7.5392659821766115	75.0	92.64083333333333	2.9353429728033067	1.5950555542222387	31.384166666666665	19.941666666666666	8.414166666666667	3.411392857142861	2.700833333333333	9.15261022834908
Norwegian_Nynorsk	definite_noun	9.508030475365738	7.888634238769126	50.0	96.13375	2.9285833016866123	1.6382974454637491	32.76208333333334	20.42625	10.298333333333334	3.298129794973547	3.2883333333333336	9.508030475365738
Norwegian_Nynorsk	gender_noun	9.40184854134076	8.011448484395842	33.33333333333325	96.59675405742821	2.9162040424064086	1.6395041119134877	33.00749063670412	20.467332501040367	10.189346650020807	3.269875618439914	3.28755722014149	9.40184854134076
Norwegian_Nynorsk	number_adj	9.117014811473503	7.401475172531254	50.0	99.21375	2.9344260060985943	1.6245468576365332	33.65875	21.03708333333333	8.475	3.2869533730158746	2.794583333333333	9.117014811473503
Norwegian_Nynorsk	number_noun	9.372712316798289	7.621350284259637	50.0	98.14291666666666	2.9250091480772573	1.6332233063701842	33.49166666666667	20.863333333333333	10.319166666666666	3.2795337301587297	3.31375	9.372712316798289
Norwegian_Nynorsk	tense_verb	8.605125244275674	7.078575974324669	53.5	83.145	2.8476662861203916	1.555103748264265	29.025833333333335	18.875416666666666	6.317083333333334	3.011479166666664	2.252083333333333	8.605125244275674
Norwegian_Nynorsk	verbform_verb	8.635932562018695	7.516446215355093	39.30348258706609	85.7135720233139	2.853119241259859	1.5471033395546592	29.850124895920068	19.428393005828475	6.418817651956703	2.92966278101582	2.3197335553705245	8.635932562018695
Persian	number_noun	7.758662401021599	7.0525474942871105	50.0	97.5125	2.4578207909828182	1.6029215301709434	39.70708333333334	24.939166666666665	6.2775	2.503779761904764	2.7104166666666667	7.758662401021599
Polish	animacy_adj	8.680685757106941	7.77321959431447	61.5	78.36958333333334	2.7722461502201696	2.0364086551349025	28.292083333333334	13.999166666666667	9.285416666666666	3.287700622294374	3.1225	8.680685757106941
Polish	animacy_noun	9.090142601105823	8.02519290574748	33.33333333333325	93.93089092422981	2.6499314861573713	1.9800657534470958	35.255620316403	17.99125728559534	7.708159866777685	2.9049839419531334	2.860949208992506	9.090142601105823
Polish	aspect_adj	6.988464492145808	6.761640053099373	50.0	97.89458333333333	2.7383402668119152	2.04692646415503	35.64625	17.614166666666666	10.310833333333333	3.0017959656084683	3.61375	6.988464492145808
Polish	aspect_verb	7.2689495902982655	6.81927806098345	50.0	47.14541666666667	2.4538463429640633	1.9716816924180194	18.902916666666666	9.654583333333333	7.9775	2.5058253968253945	3.3429166666666665	7.2689495902982655
Polish	case_adj	8.61231246434606	7.946098552593783	20.0	67.35416666666667	2.715297063969636	2.0698585699412155	24.768333333333334	12.114166666666666	9.48	3.158696428571429	3.25	8.61231246434606
Polish	case_propn	8.992609279659153	8.499596523804666	21.5	58.794925124792016	2.641155187054221	1.965128325537439	22.106073211314477	11.328618968386023	7.183860232945092	3.111665742281381	2.6052412645590683	8.992609279659153
Polish	gender_adj	8.531251174673049	8.09878032023935	33.33333333333325	65.43861839367457	2.7143284221471213	2.0490499849374966	24.08447773616313	11.834789846025801	9.336662505201831	3.096246484823262	3.247191011235955	8.531251174673049
Polish	gender_noun	8.982822201565684	8.47192870295488	33.33333333333325	60.8689138576779	2.630205352029914	2.0286705434582255	22.957969205160218	11.37411568872243	8.05451518934665	2.9591631492380572	2.9379941739492303	8.982822201565684
Polish	gender_propn	9.037352361473257	8.875266567194304	35.0	57.73272273105745	2.644315832224115	1.946299462151456	21.681099084096587	11.181515403830142	6.795170691090758	3.1535040244240915	2.47210657785179	9.037352361473257
Polish	gender_verb	7.2240829360954955	5.263648078213015	33.33333333333325	47.256346233874325	2.4937758024842718	1.9736156021777898	18.717436537661257	9.576362879733667	8.039117769454847	2.6484295424370288	3.272159800249688	7.2240829360954955
Polish	mood_verb	7.35626058442915	6.596132959492799	67.0	58.13875	2.4186591667428137	1.9421236374062187	23.3525	12.156666666666666	7.963333333333333	2.4108154761904785	3.4425	7.35626058442915
Polish	number_adj	8.514594868185233	8.021095645164943	50.0	66.05041666666666	2.726137779840778	2.06144824742349	24.157916666666665	11.849166666666667	9.500833333333333	3.131186237373737	3.2683333333333335	8.514594868185233
Polish	number_noun	9.090927638244077	8.267388516200938	50.0	60.98833333333334	2.6509080254806587	2.028808603448455	22.85375	11.370833333333334	7.88875	2.940940476190474	2.89375	9.090927638244077
Polish	number_verb	7.412226033552269	6.485398146156027	50.0	47.3025	2.4632339910420384	1.9851671936779827	18.891666666666666	9.572916666666666	7.957916666666667	2.5322936507936573	3.3183333333333334	7.412226033552269
Polish	person_verb	7.511743635769631	6.34652249307161	28.000000000000007	40.53247293921732	2.389907860690982	1.9128307598660548	16.484596169858452	8.641548709408825	7.626561199000832	2.423471511835375	3.2793505412156536	7.511743635769631
Polish	subgender_adj	8.536065083857942	7.645659741326262	58.5	51.657916666666665	2.6497569682272157	2.0298906060371253	19.592916666666667	9.708333333333334	9.019166666666667	3.1833831619769133	3.13	8.536065083857942
Polish	tense_verb	7.201983542290233	6.913101859741401	36.0	43.69317235636969	2.435649817600425	1.9322264512276364	17.6007493755204	9.167360532889258	7.7976686094920895	2.4975100114983557	3.2872606161532056	7.201983542290233
Polish	verbform_verb	7.295551776642421	6.238620642103562	27.722772277228955	53.25873544093178	2.4866182467931033	1.9983843321736228	21.109400998336106	10.658069883527455	8.078618968386023	2.505457174550351	3.3693843594009985	7.295551776642421
Polish	voice_adj	7.2409602434599964	6.5260510399582055	50.0	101.09666666666666	2.755619997685231	2.066982612068637	36.687083333333334	17.977083333333333	10.411666666666667	3.0687516534391523	3.5954166666666665	7.2409602434599964
Portuguese	gender_noun	9.77406305438352	8.435839249658684	50.0	104.97583333333333	3.1888665550359097	1.4296024836690195	32.8175	23.292083333333334	8.13	3.8132075066137547	2.37625	9.77406305438352
Portuguese	gender_propn	9.793728254223627	9.579382605499605	50.0	105.41916666666667	3.1842306713646233	1.3974511799556053	33.224583333333335	24.074583333333333	6.23	3.7082058531746034	2.0216666666666665	9.793728254223627
Portuguese	number_noun	9.839119387958647	8.18943999114982	50.0	106.865	3.218884331844114	1.4362478622880743	33.125	23.4425	8.295416666666666	3.880714781746028	2.399583333333333	9.839119387958647
Portuguese	number_verb	9.088130286540586	6.934429684418332	50.0	104.04333333333334	3.2403080255515686	1.4157276439944553	32.119166666666665	22.9275	8.109166666666667	3.6132361111111124	2.445	9.088130286540586
Romanian	definite_noun	9.422254087074085	7.677525596124028	50.0	108.505	2.605213090263856	1.7887578790756826	41.46208333333333	23.407083333333333	8.09	3.058207341269838	2.86875	9.422254087074085
Romanian	gender_adj	9.301903852742562	7.599410540977899	50.0	116.60666666666667	2.7338029261534627	1.801500800893483	42.6275	23.889166666666668	8.46625	3.374636078042328	2.8383333333333334	9.301903852742562
Romanian	gender_noun	9.508155169746823	7.6952297117763875	50.0	109.4625	2.619886704435241	1.7958092445941072	41.600833333333334	23.472083333333334	8.174166666666666	3.045014880952376	2.8991666666666664	9.508155169746823
Romanian	mood_verb	8.136960824010641	6.272196483633717	36.3184079601978	92.63405495420483	2.3147204873599327	1.7931916029671207	39.79683597002498	22.402581182348044	7.340133222314738	2.460418896950951	3.141548709408826	8.136960824010641
Romanian	number_adj	9.312523838839555	7.365186973312352	50.0	119.15125	2.7646877666603733	1.80493083533415	43.100833333333334	24.122083333333332	8.58125	3.4081474867724872	2.8379166666666666	9.312523838839555
Romanian	number_noun	9.38180002076422	7.375945778808792	50.0	110.10166666666667	2.630189929580291	1.808731531531057	41.78208333333333	23.341666666666665	8.429166666666667	3.0330393217893192	2.9970833333333333	9.38180002076422
Romanian	number_verb	8.295077667289666	6.518549175965122	50.0	96.22958333333334	2.4371739717435115	1.794516019937697	39.26208333333334	22.110416666666666	7.341666666666667	2.563385912698415	3.0654166666666667	8.295077667289666
Romanian	person_verb	8.136653359740441	6.308450269513422	35.82089552238704	88.92339716902582	2.2755895630355063	1.7869052054361885	38.95420482930891	21.977935054121566	6.984179850124896	2.3549680821537575	3.09533721898418	8.136653359740441
Romanian	tense_verb	8.058257545408644	6.478376569634543	31.0	91.57029950083195	2.388853588714004	1.7870328361702583	38.18718801996672	21.64975041597338	7.2092346089850246	2.4581154425164393	3.112312811980033	8.058257545408644
Romanian	verbform_verb	8.23486736938299	7.129011328161083	26.5	101.66791666666667	2.4569795137001926	1.7830758282615093	41.27375	23.393333333333334	7.402083333333334	2.600763888888892	3.1158333333333332	8.23486736938299
Russian	animacy_adj	8.551358811843526	7.921290948588593	50.0	117.85083333333333	2.895183263962791	1.9218389503753364	41.28875	21.690416666666668	9.75125	3.3574897486772444	3.21125	8.551358811843526
Russian	animacy_noun	8.180627289192005	8.585086942523176	50.0	110.495	2.7714324891691025	1.9331027672442136	39.85583333333334	20.971666666666668	8.740416666666667	2.759831679894175	3.361666666666667	8.180627289192005
Russian	animacy_propn	6.604300386768793	8.708920075165254	50.0	113.56166666666667	2.768326590789233	1.9104766127434956	41.14458333333334	21.895	6.92375	2.307485615079364	3.2383333333333333	6.604300386768793
Russian	aspect_verb	6.6610903210625665	8.079147333542778	50.0	108.33541666666666	2.7425373281162115	1.9040836463296391	39.26291666666667	20.925833333333333	9.485833333333334	2.7440453192640653	3.5745833333333334	6.6610903210625665
Russian	case_adj	8.223557552741315	7.672991827938834	16.666666666666615	120.6165008291874	2.8912700385163688	1.9459915964873036	41.967247097844115	21.864842454394694	10.509121061359867	3.054787255999943	3.637230514096186	8.223557552741315
Russian	case_noun	8.177594366538523	8.26163129528025	16.666666666666615	112.92620232172472	2.7649441515535287	1.931270755859055	40.83830845771144	21.473051409618574	8.452321724709785	2.6908565085182006	3.3055555555555554	8.177594366538523
Russian	case_propn	6.6272177157799375	8.204132927691168	16.666666666666615	113.1334991708126	2.771391490948702	1.904279857284572	40.94651741293532	21.73051409618574	7.255804311774461	2.334139487746456	3.304726368159204	6.6272177157799375
Russian	case_verb	6.652641298445657	6.5759099629655555	16.666666666666615	129.56882255389718	2.8614883877537443	1.9567091916503576	45.44278606965174	23.475953565505804	10.964759535655059	2.9306734966249812	3.9444444444444446	6.652641298445657
Russian	gender_adj	8.222522670511005	7.63842836360917	33.33333333333325	116.95630461922596	2.889624780560839	1.9519784781205418	40.71826883062838	21.248855597170206	10.273824386183938	3.0717976687389896	3.5726175613816062	8.222522670511005
Russian	gender_noun	8.08862992566931	8.524443480739459	33.33333333333325	110.70869746150645	2.7843551494103003	1.9541193823384104	39.73033707865169	20.791926758218892	8.783187682064087	2.7480455977646967	3.3587182688306285	8.08862992566931
Russian	gender_propn	6.558876818633686	8.560319587929804	38.308457711444476	113.35746982937994	2.78088932790809	1.9007966860946823	40.927590511860174	21.79858510195589	6.829796088223055	2.228382015866412	3.260507698709946	6.558876818633686
Russian	gender_verb	6.650382232643524	7.119717649659788	33.33333333333325	109.29255097794423	2.7708213245986237	1.9007662342176888	39.35122763212651	20.90220557636288	9.791094465251769	2.7871643580445054	3.6416978776529336	6.650382232643524
Russian	mood_verb	6.744243468699561	7.1172616929022805	50.0	84.62375	2.558138047570331	1.8820660346355726	32.5	17.566666666666666	8.525833333333333	2.5482227182539674	3.4541666666666666	6.744243468699561
Russian	number_adj	8.108157837763352	7.689037911300707	50.0	117.95875	2.8625480841778908	1.9662868715043662	41.39833333333333	21.424166666666668	10.432083333333333	3.0152784692159713	3.660833333333333	8.108157837763352
Russian	number_noun	8.108216090140994	8.31819931217776	50.0	111.46916666666667	2.798177760736372	1.9179547216115722	39.86125	21.07208333333333	8.504583333333333	2.714021825396826	3.3054166666666664	8.108216090140994
Russian	number_verb	6.708259382898702	7.8048771218622655	50.0	107.54708333333333	2.7463464984302277	1.9126137626251545	38.90375	20.66125	9.619583333333333	2.7560854828042314	3.6179166666666664	6.708259382898702
Russian	person_verb	6.976031638940649	6.224329481912477	33.33333333333325	86.54806491885144	2.573724781887349	1.8286951478009223	32.84228048272992	18.21223470661673	8.237203495630462	2.5075015357786907	3.4490220557636286	6.976031638940649
Russian	tense_verb	6.541643711103698	7.496956337923944	33.33333333333325	105.56263004577612	2.7166544151893275	1.8862858313111341	38.59883478984602	20.694132334581774	9.191843528922181	2.636751844585802	3.597586350395339	6.541643711103698
Russian	verbform_verb	6.696349512371361	7.636086059453906	25.0	112.12416666666667	2.7509051239440616	1.8982009643896143	40.638333333333335	21.6725	9.380833333333333	2.68318700396825	3.5975	6.696349512371361
Russian	voice_verb	6.608534240571519	7.672832446100784	33.33333333333325	110.44902205576363	2.7647592332448507	1.894024944072634	39.831876820640865	21.235955056179776	9.99042863087807	2.8116065235915375	3.6674989596337912	6.608534240571519
Serbian	case_noun	9.166787371085423	7.851819011473581	17.412935323382904	121.34844074844075	2.824545426583678	1.8157450225883638	43.08565488565488	23.947609147609146	8.047817047817048	3.3758974358974356	2.598336798336798	9.166787371085423
Serbian	gender_adj	8.771217940948096	7.591924614843296	34.825870646765814	122.1586178184846	2.853686074345248	1.817388321714734	42.98293089092423	23.79933388842631	8.81390507910075	3.11636433924111	2.984179850124896	8.771217940948096
Serbian	gender_noun	9.033751910857161	7.982443393873633	33.33333333333325	121.88555971702039	2.830701083531623	1.814430505450763	43.19683728672493	23.97919267582189	8.125260091552226	3.3250450825357216	2.6450270495214316	9.033751910857161
Serbian	number_adj	8.756475338350993	7.477899533180044	50.0	121.24833333333333	2.8521848683757507	1.815666112652426	42.615	23.659583333333334	8.853333333333333	3.118561838624337	2.9941666666666666	8.756475338350993
Serbian	number_noun	9.148366843689214	8.122511448947815	50.0	119.73875	2.834372117686886	1.80911093844275	42.40958333333333	23.648333333333333	7.933333333333334	3.3717688492063487	2.5720833333333335	9.148366843689214
Serbian	number_verb	7.380044823716118	7.161474772351008	50.0	117.08625	2.7991177986661175	1.761460681699245	41.91916666666667	23.94375	7.4158333333333335	2.908270833333332	2.72625	7.380044823716118
Slovak	animacy_adj	8.356636984101668	6.440340113947013	50.0	75.91708333333334	2.4003983064957395	2.1186422662396946	31.13875	14.715416666666666	8.670833333333333	2.6908864087301603	3.410833333333333	8.356636984101668
Slovak	animacy_noun	8.388215321766399	7.723808459168008	50.0	68.35041666666666	2.3571195258325583	2.0393059441521983	28.525	13.981666666666667	6.886666666666667	2.6193115079365077	2.8183333333333334	8.388215321766399
Slovak	aspect_verb	7.229724964478624	6.827992899339149	50.0	55.1225	2.266448904030966	1.93910285622017	23.939583333333335	12.347916666666666	7.253333333333333	2.4377261904761927	3.1054166666666667	7.229724964478624
Slovak	case_noun	8.52896430118565	7.977053449447071	16.666666666666615	69.75580431177445	2.375727114448392	2.0616797640784927	28.96144278606965	14.04519071310116	7.162520729684909	2.5895981402511246	2.933665008291874	8.52896430118565
Slovak	gender_adj	8.508774116238442	7.103321612164915	33.33333333333325	76.32542655014565	2.428178538582369	2.144110164237555	30.990428630878068	14.466500208073242	8.692467748647523	2.676764163842816	3.4003329171868497	8.508774116238442
Slovak	gender_noun	8.476286453663901	8.174068697052249	33.33333333333325	68.55347482313775	2.371142487253284	2.073396381165701	28.478152309612984	13.761548064918852	7.265917602996255	2.5946649029982383	2.964627548897212	8.476286453663901
Slovak	gender_verb	6.931676472637771	5.908005064369767	36.0	54.936276551436904	2.29289178230701	1.9447805715803144	23.635568513119534	12.171595168679717	7.646397334443981	2.569228099403025	3.1082882132444816	6.931676472637771
Slovak	number_adj	8.507501856041616	7.12284363302035	50.0	78.02833333333334	2.4286735940792257	2.1557412681538786	31.727916666666665	14.745833333333334	8.747916666666667	2.692558035714289	3.39875	8.507501856041616
Slovak	number_noun	8.558131238143314	8.032655694977912	50.0	68.33416666666666	2.372692175836333	2.0747650569832206	28.409583333333334	13.725	7.068333333333333	2.5717103174603184	2.8945833333333333	8.558131238143314
Slovak	number_verb	7.375626877122884	6.646763888996148	50.0	56.69541666666667	2.2707614712493296	1.9585634212779022	24.522916666666667	12.532083333333333	7.50625	2.508107142857142	3.12125	7.375626877122884
Slovak	tense_verb	7.204650001446009	6.9664518233032675	50.0	56.46541666666667	2.2708927573636646	1.9350330216123468	24.339583333333334	12.555416666666666	7.162916666666667	2.4431180555555483	3.0683333333333334	7.204650001446009
Slovak	verbform_verb	7.068278226143049	6.058056880099064	35.0	59.2714404662781	2.263579883248145	1.9734601968954908	25.58451290591174	12.918401332223148	7.258950874271441	2.31400023789699	3.2722731057452124	7.068278226143049
Slovenian	aspect_verb	7.355603671922253	6.932723854486313	50.0	89.50625	2.531586665866697	1.7952760737339437	35.403333333333336	19.71	7.572916666666667	2.6743516865079355	2.939583333333333	7.355603671922253
Slovenian	case_adj	8.871447522577819	7.209908772216786	17.412935323382907	110.84388009991673	2.6240185632658584	1.930070064778733	42.5970024979184	22.17985012489592	8.823480432972524	2.929772477961481	3.150291423813489	8.871447522577819
Slovenian	case_noun	9.01714945257602	8.184089354137278	16.666666666666615	102.47139303482587	2.5866505236826103	1.888868743122898	39.94734660033168	21.165837479270316	7.677031509121061	2.899141363289369	2.8171641791044775	9.01714945257602
Slovenian	gender_adj	8.886827896322277	7.406418256640089	33.33333333333325	106.70370370370371	2.633445239392312	1.9059829574161624	40.92883895131086	21.457344985434872	8.645027049521431	2.9115734960928474	3.0969621306699957	8.886827896322277
Slovenian	gender_noun	9.002539340464297	8.389590844668097	33.33333333333325	100.21348314606742	2.5852926076003806	1.9014054854233882	39.190178942987934	20.607990012484393	7.685809404910528	2.924792422170699	2.8106533499791926	9.002539340464297
Slovenian	number_adj	8.859931026097268	7.418551730057992	50.0	107.37458333333333	2.6279745480741394	1.9116343922849925	41.270833333333336	21.659583333333334	8.791666666666666	2.943094742063492	3.12	8.859931026097268
Slovenian	person_verb	7.612309143105548	5.919533783080116	33.33333333333325	82.61599333610995	2.5051737246641768	1.8237227095972146	32.86755518533944	18.133694294044147	7.384839650145772	2.5936365799964305	2.9750104123281966	7.612309143105548
Slovenian	verbform_verb	7.341953613049827	6.555101346713106	33.33333333333325	89.90595089471493	2.5433283446592245	1.7926691382059097	35.45401581356638	19.77028714107366	7.806075738660009	2.712814339218834	2.9850187265917603	7.341953613049827
Spanish	gender_adj	9.513523781726835	7.696316510897584	50.0	122.14083333333333	3.4752267595105013	1.354586160826682	35.2325	26.2575	8.982916666666666	3.9253501984126995	2.56375	9.513523781726835
Spanish	gender_noun	9.812212388745923	8.366304220899323	50.0	116.45916666666666	3.382958695278807	1.3678482759425048	34.374583333333334	25.5375	8.465833333333334	3.8993918650793655	2.405	9.812212388745923
Spanish	number_adj	9.658104148261724	7.680473589286401	50.0	122.59916666666666	3.499288140290567	1.368197821815484	35.160833333333336	26.029583333333335	9.275416666666667	4.0182371031746	2.5820833333333333	9.658104148261724
Spanish	number_noun	9.813869818250009	8.06628009329404	50.0	116.68416666666667	3.3849101190474533	1.3628292093130734	34.51541666666667	25.635	8.543333333333333	3.855118055555552	2.4491666666666667	9.813869818250009
Spanish	number_verb	9.10437387491799	7.121702314620163	50.0	114.64625	3.4164463572475605	1.3294043974745977	33.52125	25.373333333333335	8.174583333333333	3.5296597222222217	2.4945833333333334	9.10437387491799
Spanish	tense_verb	9.100325456561107	6.687560102869267	25.0	115.6225	3.378261237825556	1.3343047546480655	34.19166666666667	25.810833333333335	8.057083333333333	3.4646805555555527	2.5079166666666666	9.100325456561107
Spanish	verbform_verb	9.066519384399534	7.195835953737485	29.5	117.99708333333334	3.4413477221599864	1.3288885106657193	34.32375	26.010833333333334	8.532916666666667	3.8490347222222248	2.46375	9.066519384399534
Swedish	case_noun	9.350254066856607	7.468732025677672	50.0	98.47291666666666	2.9501764119924463	1.7797558412303522	33.47291666666667	19.269583333333333	10.425	3.226753968253963	3.4433333333333334	9.350254066856607
Swedish	definite_adj	8.879239361058211	7.428110726973319	50.0	95.73125	2.941798854710508	1.6969466504379245	32.51625	19.47458333333333	8.335416666666667	3.26521329365079	2.8141666666666665	8.879239361058211
Swedish	definite_noun	9.360925225556654	7.747905550406323	50.0	96.74041666666666	2.9409400616261268	1.7695190564209509	32.945	19.12875	10.51625	3.2084203042328037	3.472916666666667	9.360925225556654
Swedish	gender_noun	9.254530613196671	7.940338610123866	50.0	96.19833333333334	2.9428036395477077	1.7744896856472672	32.67958333333333	18.946666666666665	10.382083333333334	3.1433740079365067	3.482083333333333	9.254530613196671
Swedish	number_adj	8.909791534182688	7.129457765192444	50.0	101.19833333333334	2.942518478779941	1.7339975201635904	34.42666666666667	20.17125	8.6325	3.098479497354497	2.99625	8.909791534182688
Swedish	number_noun	9.340516581948041	7.759180523474224	50.0	96.45	2.9466758921635545	1.7638473494001687	32.82666666666667	19.065833333333334	10.470416666666667	3.2280967261904725	3.44625	9.340516581948041
Swedish	tense_verb	8.022172966998111	6.5749894667185345	50.0	88.18083333333334	2.90284054972729	1.6711275069725964	30.312916666666666	18.3975	7.117083333333333	3.012739087301585	2.5441666666666665	8.022172966998111
Swedish	voice_verb	7.963918264766321	6.8584598392374	50.0	94.82666666666667	2.9358596119224334	1.6991652388193699	32.26208333333334	19.325	7.3879166666666665	2.840152777777781	2.745416666666667	7.963918264766321
Turkish	aspect_verb	7.6271247006670935	6.829325654603276	33.33333333333325	79.09866777685262	2.577437034012302	2.1766490287745035	29.956702747710242	13.898001665278935	9.291840133222316	2.7273062791588996	3.548293089092423	7.6271247006670935
Turkish	case_noun	9.052981023278392	7.590697410996171	14.285714285714105	92.45141196013289	2.665545813852599	2.192045831783096	34.17192691029901	15.71470099667774	8.745847176079733	2.9645418050941283	3.0921926910299002	9.052981023278392
Turkish	number_noun	9.02652528340541	7.756200424242318	50.0	94.24208333333333	2.6824387446743367	2.187523819044967	34.61875	15.927083333333334	8.75875	3.0289459325396844	3.0204166666666667	9.02652528340541
Turkish	number_verb	7.613440185174164	6.308668257937438	50.0	68.10833333333333	2.518664571106369	2.1557126586585422	26.235833333333332	12.379166666666666	8.94875	2.6694456018518467	3.5095833333333335	7.613440185174164
Turkish	person_verb	7.616239110042235	6.226958564854089	34.0	63.6234902124115	2.478345735528415	2.148114200802016	24.935027072053312	11.79966680549771	8.747188671386922	2.603589774102059	3.5043731778425657	7.616239110042235
Turkish	polarity_verb	7.536551565239752	7.108968494799261	50.0	82.03583333333333	2.575988758083547	2.1997011775222175	31.106666666666666	14.255833333333333	9.265416666666667	2.700308697089947	3.5754166666666665	7.536551565239752
Turkish	verbform_verb	7.5505937915643635	7.216813145762324	33.33333333333325	104.64696086594505	2.681485903774939	2.2345503395257262	38.62156536219817	17.461698584512906	9.213572023313905	2.8460198511822137	3.389675270607827	7.5505937915643635
Ukrainian	animacy_noun	8.095537298212768	8.387795314339595	50.0	99.96166666666667	2.464433215899346	1.9994352001974862	40.39833333333333	20.355833333333333	7.36625	2.7147123015872974	2.99375	8.095537298212768
Ukrainian	aspect_verb	6.56604946904091	7.436172734314582	50.0	89.68916666666667	2.3975164972588154	1.955285862225572	37.0375	19.0475	8.28625	2.7071593915343954	3.25875	6.56604946904091
Ukrainian	case_adj	8.142746720697444	7.801393472558729	20.0	108.95416666666667	2.5337913531643497	2.055324168066622	43.14666666666667	21.19625	8.985	2.887437830687824	3.3658333333333332	8.142746720697444
Ukrainian	case_noun	8.157959589134007	8.067617311968036	16.666666666666618	102.04894234757361	2.478059821483959	2.013839055993851	41.08834508502696	20.53753629199502	7.46287847366238	2.6838404337263704	3.0389879717959354	8.157959589134007
Ukrainian	gender_adj	8.172661299187789	7.733064702219422	33.33333333333325	106.30753225135247	2.5347145867734264	2.0322253665833405	41.88555971702039	20.861839367457346	8.775280898876405	2.958006361096243	3.251352476071577	8.172661299187789
Ukrainian	gender_noun	8.027316336160215	8.515590105065558	33.33333333333325	102.96670828131502	2.485142257809241	2.0159527469463403	41.32209737827716	20.712858926342072	7.4232209737827715	2.7659836579936465	2.943820224719101	8.027316336160215
Ukrainian	number_adj	7.938753603967202	7.718805447685247	50.0	110.45583333333333	2.52391287610192	2.0605711821239447	43.80833333333333	21.487083333333334	8.839583333333334	2.8259841269841295	3.37	7.938753603967202
Ukrainian	number_verb	6.753334658487155	7.1052107004905105	50.0	87.97416666666666	2.3888127229653406	1.9487794261012228	36.49791666666667	18.843333333333334	8.131666666666666	2.707581349206351	3.2225	6.753334658487155
Ukrainian	tense_verb	6.603440278097366	7.185394002632769	33.33333333333325	87.16354556803995	2.3776450565083938	1.9448559717367295	36.30378693300042	18.76529338327091	8.236371202663337	2.7049105285060326	3.275905118601748	6.603440278097366
Urdu	case_noun	7.319289965931978	7.4022765973899	50.0	91.24291666666667	2.0558095989654794	1.7517425815361536	44.55708333333333	25.4425	5.317083333333334	1.9692832341269892	2.9429166666666666	7.319289965931978
Urdu	case_propn	7.2115886321530995	7.540060902438827	50.0	97.38208333333333	2.0482396462680637	1.802998349594967	47.880833333333335	26.561666666666667	5.18625	2.038133432539678	2.8420833333333335	7.2115886321530995
Urdu	gender_noun	7.291085246854646	7.235231078899369	69.5	90.94625	2.0576788783604227	1.7453108816142295	44.379583333333336	25.43875	5.293333333333333	2.017369543650799	2.87375	7.291085246854646
Urdu	number_noun	7.210957848667036	6.695543698946464	59.0	91.90875	2.0633533586569386	1.751543075987026	44.72958333333333	25.565	5.624583333333334	2.0063298611111158	3.035416666666667	7.210957848667036
